{
  "motion_blur": {
    "15.0": {
      "lr": {
        "mAP50": 0.14461183054290544,
        "mAP50_95": 0.07342876665279813
      },
      "bicubic": {
        "mAP50": 0.4290929010036651,
        "mAP50_95": 0.22996553846425996
      },
      "sr": {
        "mAP50": 0.41634969529152155,
        "mAP50_95": 0.21424866360836994
      }
    }
  }
}