{
  "gaussian_noise": {
    "25.0": {
      "lr": {
        "mAP50": 0.2800019238207275,
        "mAP50_95": 0.1397594881987767
      },
      "bicubic": {
        "mAP50": 0.26717683714744733,
        "mAP50_95": 0.13067333854279473
      },
      "sr": {
        "mAP50": 0.25797314985845865,
        "mAP50_95": 0.13016923422441887
      }
    }
  }
}