{
  "gaussian_noise": {
    "10.0": {
      "lr": {
        "mAP50": 0.37694218076467434,
        "mAP50_95": 0.1918942525485352
      },
      "bicubic": {
        "mAP50": 0.4160148314894826,
        "mAP50_95": 0.2186371351469196
      },
      "sr": {
        "mAP50": 0.3518584569086375,
        "mAP50_95": 0.17826893801678317
      }
    }
  }
}