{
  "motion_blur": {
    "7": {
      "lr": {
        "mAP50": 0.45091759036755935,
        "mAP50_95": 0.20469016656694156
      },
      "bicubic": {
        "mAP50": 0.593741677212784,
        "mAP50_95": 0.3369466803449702
      },
      "sr": {
        "mAP50": 0.6140730518430313,
        "mAP50_95": 0.3128876105987205
      }
    }
  },
  "gaussian_noise": {
    "10.0": {
      "lr": {
        "mAP50": 0.6344676849140568,
        "mAP50_95": 0.3241772018591121
      },
      "bicubic": {
        "mAP50": 0.582065154018231,
        "mAP50_95": 0.3259270978624745
      },
      "sr": {
        "mAP50": 0.5341116827159225,
        "mAP50_95": 0.2901207673934484
      }
    }
  }
}