{
  "motion_blur": {
    "7.0": {
      "lr": {
        "mAP50": 0.30810664626877005,
        "mAP50_95": 0.15556380709007508
      },
      "bicubic": {
        "mAP50": 0.46459277456087544,
        "mAP50_95": 0.24626400519905736
      },
      "sr": {
        "mAP50": 0.4192270318568235,
        "mAP50_95": 0.21590178395480486
      }
    }
  }
}