{
  "baseline": {
    "mAP50": 0.49258385484287104,
    "mAP50_95": 0.2982570895462215,
    "n_images": 200,
    "time_s": 30.4
  },
  "sahi_2x2": {
    "mAP50": 0.5113740591080425,
    "mAP50_95": 0.29865906946170856,
    "n_images": 200,
    "slice_rows": 2,
    "slice_cols": 2,
    "overlap": 0.2,
    "time_s": 148.5
  },
  "sahi_4x4": {
    "mAP50": 0.45263468904570553,
    "mAP50_95": 0.26152563755395336,
    "n_images": 200,
    "slice_rows": 4,
    "slice_cols": 4,
    "overlap": 0.2,
    "time_s": 209.3
  }
}